fid,DN,_count,_sum,_mean
3,1,18089,13057.18024,0.721829854
