fid,DN,_count,_sum,_mean
3,1,18089,13104.95838,0.724471136
