fid,DN,_count,_sum,_mean
5,1,275361,59964.56037,0.217767078
