fid,DN,_count,_sum,_mean
5,1,199268,71905.66552,0.360849035
