fid,DN,_count,_sum,_mean
3,1,336560,171898.831191396,0.510752410243036
