fid,DN,_count,_sum,_mean
5,1,472,490.1633358,1.038481644
