fid,DN,_count,_sum,_mean
3,1,6745,5442.923673,0.806956808
