fid,DN,_count,_sum,_mean
3,1,104909,53857.88072,0.513377124
