fid,DN,_count,_sum,_mean
5,1,274309,63453.12418,0.231319877
