fid,DN,_count,_sum,_mean
5,1,198950,76442.59556,0.384230186
