fid,DN,_count,_sum,_mean
5,1,468,517.293737,1.105328498
