fid,DN,_count,_sum,_mean
5,1,198950,76441.94017,0.384226892
