fid,DN,_count,_sum,_mean
3,1,6745,5691.921023,0.84387265
