fid,DN,_count,_sum,_mean
5,1,274309,63457.58537,0.231336141
