fid,DN,_count,_sum,_mean
3,1,18116,12937.80752,0.71416469
