fid,DN,_count,_sum,_mean
5,1,199299,66353.26003,0.332933231
