fid,DN,_count,_sum,_mean
3,1,121515,58425.38833,0.480808035
