fid,DN,_count,_sum,_mean
5,1,474,462.6194437,0.975990388
