fid,DN,_count,_sum,_mean
5,1,275397,55356.21457,0.201005147
