fid,DN,_count,_sum,_mean
3,1,18116,12929.7476032451,0.71371978379582
