fid,DN,_count,_sum,_mean
5,1,474,462.619443683885,0.975990387518745
