fid,DN,_count,_sum,_mean
3,1,121515,58408.2857288066,0.480667289872087
