fid,DN,_count,_sum,_mean
5,1,199299,66353.2550821201,0.332933206298677
